,name,email,country,signup_source,referral,signup_purpose,subscription_level,payment_method,sso_id,email_verified,enabled,registered_at
0,Andrew Mitchell,ncraig@example.net,Ecuador,other,https://www.white-brown.biz/app/register/,personal,enterprise,check,ebf98877-71a2-4e55-9bc5-cbe84d40933f,False,False,2024-05-22T16:55:00
1,Kara Webster,qcampbell@example.org,Hong Kong,facebook,http://www.sawyer-smith.com/login/,other,free,check,63f8b1d2-96b3-4064-ad69-18bb2d0fdeac,False,True,2024-05-22T17:56:27
2,Bill Roman,torresmargaret@example.com,Liberia,google,https://www.walton.biz/tag/app/main.jsp,business,enterprise,paypal,41da61bc-77fa-4210-a35a-b3e073ee6876,False,False,2024-05-22T18:11:04
3,Sergio Matthews,abutler@example.org,Cyprus,other,http://medina.com/wp-content/posts/tags/about/,personal,enterprise,other,191273c7-eaec-494f-9ad5-33462c589c80,True,False,2024-05-22T18:39:38
4,Jordan Herring,kimberlymoses@example.com,Belarus,google,https://www.baxter.org/categories/tags/search/faq.html,education,enterprise,paypal,095d049f-b44d-4d2a-b319-325beba322cb,False,False,2024-05-22T18:58:06
5,Natalie Brown,eileen23@example.net,Gabon,facebook,http://www.hoffman-saunders.com/tags/wp-content/index/,business,enterprise,paypal,c04ff037-fe2e-42f3-b02a-5f908ac1a692,True,True,2024-05-22T19:08:25
6,Amanda Williams,jonescarlos@example.net,Bouvet Island (Bouvetoya),facebook,http://fisher.com/about/,personal,free,other,2420d600-fb2d-442f-8f6a-533983814b07,True,True,2024-05-22T21:00:04
7,Stephen Carter,micheal38@example.org,Chile,google,https://santos.com/tags/main/,other,premium,credit_card,3220ee3f-366b-4116-87fd-2d0d479bcb4f,False,True,2024-05-22T22:51:37
8,Colleen Evans,tatejoseph@example.com,Malaysia,twitter,https://crawford.com/explore/category/main/,education,trial,paypal,25f34801-4890-44c9-9dbf-8ac8f6be2b2b,True,True,2024-05-22T23:10:46
9,Aaron Johnson,brettnorman@example.com,Paraguay,google,http://clark.com/search/app/author.html,education,enterprise,paypal,ad04bf50-e768-4fa6-a13d-3444064f9e0f,False,False,2024-05-22T23:34:53
10,Ian Wiley,gregory66@example.com,Oman,other,http://www.buchanan.com/posts/author/,personal,trial,check,af065ad8-bd7c-482c-a2de-884e92f9a665,False,False,2024-05-22T23:36:11
11,Anna Thomas,woodchristopher@example.com,Heard Island and McDonald Islands,google,https://parker-williams.net/main/posts/faq/,business,trial,other,cc3d96fc-d86c-472d-bd57-ba5182db74eb,True,True,2024-05-23T00:48:28
12,Zachary Hoffman,gregory65@example.org,Ecuador,other,http://www.yoder.org/privacy.php,education,enterprise,paypal,29681821-a9d7-43b2-bdf9-592ee11d5cc3,True,True,2024-05-23T01:22:13
13,Jared Williams,seth21@example.com,Liberia,google,http://www.james.biz/,business,premium,paypal,00f3a004-1113-4624-b6d6-773f1f906506,False,True,2024-05-23T01:43:59
14,Alexandria Alvarez,gonzalezjenna@example.com,Nepal,other,https://www.li.com/category/search/,personal,enterprise,paypal,06f1f00b-2448-4961-b923-d52cbda42b82,False,True,2024-05-23T01:50:21
15,Holly Pace,thomasmyers@example.org,Lesotho,google,http://www.ramsey.com/category/author.html,other,trial,other,949aada5-6523-4247-9344-fe1795b3b885,True,True,2024-05-23T02:03:10
16,Nathan Rivera,michaelbautista@example.com,Kyrgyz Republic,facebook,http://www.austin.com/blog/wp-content/posts/home/,other,trial,paypal,5663b825-70aa-450d-a189-3a9b92e519ec,False,True,2024-05-23T02:33:43
17,Jordan Fox,njackson@example.com,Turkmenistan,other,https://www.lane.com/category/list/posts/index/,business,trial,other,d010312e-3f96-4b3e-b4e9-6adcf56abbe3,True,True,2024-05-23T02:56:04
18,Karen Hernandez,johnblair@example.net,Malta,google,http://www.tapia-lucas.org/register.php,business,enterprise,other,3a43c6bf-38d5-4533-9a3f-35989601fcd7,False,True,2024-05-23T04:19:42
19,Paul Bird,qhall@example.net,Malaysia,facebook,http://johnson-stevens.org/tags/categories/explore/login/,business,enterprise,credit_card,8516c429-8934-4836-9f84-ff3124d659df,True,True,2024-05-23T04:41:27
20,Paul Bennett,williamsdavid@example.net,Brazil,twitter,https://mack.com/about/,other,premium,check,424f482c-ef43-46fa-87b4-b5a142a22837,True,False,2024-05-23T04:53:49
21,Alexis Martinez,william98@example.net,Saint Vincent and the Grenadines,twitter,https://ashley.biz/login/,other,enterprise,paypal,e8b0e4ca-1846-4090-9750-9bb3e2406a7d,True,False,2024-05-23T04:58:46
22,Terry Hurst,jasonosborne@example.com,Nigeria,google,https://www.sanchez.info/index.asp,other,enterprise,paypal,ae4e6ecd-514b-434a-8c7f-780b437a3e02,True,False,2024-05-23T05:41:22
23,Mitchell Rodriguez,wanda08@example.com,Philippines,other,http://www.graham-shields.com/tag/posts/categories/register.htm,other,trial,check,642b4020-cae4-46d5-b456-30e3f68fd3b6,False,False,2024-05-23T05:55:50
24,Michael Tapia,jacksonlori@example.net,Albania,twitter,http://www.king.org/post.php,business,trial,check,bf0bbef1-25f8-4b35-8808-183de4f71275,True,True,2024-05-23T06:37:32
25,Arthur Morgan,gharris@example.net,Barbados,twitter,http://hodges.com/about/,business,enterprise,credit_card,ad98e0aa-9806-4232-bda1-5079669deb92,False,False,2024-05-23T06:57:51
26,Stephanie Barrera,marc24@example.net,Azerbaijan,other,http://jones-hart.biz/explore/search/home/,business,free,other,faa79f4c-425a-4a80-a565-47d2c1fb4081,False,True,2024-05-23T07:11:53
27,Chelsea Wyatt,johnfrazier@example.com,Fiji,google,https://www.roy-swanson.com/main.html,education,trial,other,21e143a6-fc57-4183-8af0-0f11a8da3457,True,True,2024-05-23T07:51:39
28,Albert Whitney,kwallace@example.net,Albania,other,http://ruiz-carter.com/tag/post/,personal,trial,paypal,3e8617d9-969e-4c0f-bd9e-b8ceea17a3a4,False,False,2024-05-23T08:23:07
29,Rhonda Vasquez,fortega@example.org,Fiji,twitter,http://jones.biz/terms/,personal,enterprise,other,3a7862c8-cd04-4114-a370-4deda145f1dc,False,False,2024-05-23T10:43:43
30,Mr. Kevin Smith,frobinson@example.net,Philippines,google,https://martinez.biz/explore/list/home/,education,premium,credit_card,455bf831-0f7d-4d2c-b56e-21de30267cc3,False,True,2024-05-23T10:59:01
31,Sarah Chaney,graydavid@example.net,Ghana,other,https://www.mcfarland.biz/main.html,personal,premium,credit_card,a0c89b49-3558-4f3e-bf90-c4b235d68940,False,False,2024-05-23T11:28:08
32,Christopher Solis,hartmanrobert@example.org,Togo,facebook,https://anderson.info/posts/privacy.jsp,other,premium,other,ade4f965-2593-43eb-9b55-add3f32648c2,False,False,2024-05-23T12:55:34
33,Timothy Morton,sandersmichael@example.org,Mauritania,other,https://henry.com/author.php,personal,enterprise,paypal,ecb74e62-46b2-46b8-846e-8848458862c6,True,False,2024-05-23T13:39:50
34,Tracy Chapman,sjones@example.org,Hong Kong,facebook,http://gordon-green.com/,personal,trial,paypal,3a0c6793-863b-4c31-b368-67f13bbac371,True,True,2024-05-23T14:42:30
35,Gloria Hill,flowersryan@example.net,Cape Verde,facebook,http://www.garcia.com/post.php,personal,premium,paypal,c032f5c1-fa66-4f9b-a119-f192e3357a08,True,False,2024-05-23T14:54:27
36,Edward Harris,belldavid@example.org,Micronesia,twitter,http://bright.com/main/main/category/home/,business,free,other,4c886832-0e47-4d9c-a6d2-0500f89e8abb,True,False,2024-05-23T15:11:38
37,Kevin Boyd,crystalsimpson@example.com,Northern Mariana Islands,twitter,http://www.sanchez.com/post/,education,free,credit_card,a99e5861-e326-4236-aac4-cac2ba058ac9,False,False,2024-05-23T15:28:56
38,Sarah Bates,bhuerta@example.org,United States Minor Outlying Islands,google,https://osborne-harding.net/about/,business,free,paypal,f08a7d97-4000-409b-b378-af37f78a7988,False,False,2024-05-21T17:17:23
39,Clinton Cook,martinbates@example.com,Cuba,google,https://www.briggs-stuart.net/search.html,personal,trial,other,dd2cd686-912f-47a1-8280-08df3290d34f,True,True,2024-05-21T18:35:42
40,Adriana Becker,fcraig@example.org,Montserrat,google,https://weber-taylor.org/author/,other,enterprise,other,459ca90f-5519-4fe1-abe3-59a916e71a97,True,False,2024-05-21T21:06:20
41,Michael Yates,matthew30@example.org,Estonia,facebook,https://www.chapman.com/,education,trial,other,1247da1c-0e3d-402b-a3f3-7f61d1abb8b1,False,True,2024-05-21T21:59:14
42,Ronald Sandoval,mooretamara@example.net,French Polynesia,twitter,https://carpenter.biz/post/,personal,premium,other,4050ff62-ffb5-4f14-93f1-97a39e9b9038,True,False,2024-05-21T22:27:48
43,Casey Shepard,bwilson@example.com,Marshall Islands,facebook,https://bell-robertson.info/app/main/list/home.jsp,personal,premium,paypal,fbc6e18f-c398-458f-8cd6-937ab1a04dc4,False,False,2024-05-21T22:55:45
44,John Thompson,epierce@example.net,Gambia,facebook,http://www.price.info/,other,free,credit_card,45ffa8b6-8778-4519-ad5c-790d8dd46fce,True,False,2024-05-21T23:37:10
45,Robert Garcia,carolcarlson@example.net,British Virgin Islands,facebook,http://ingram.com/author/,personal,premium,credit_card,0ef30546-aabf-43ae-abbc-dfbfc6e881ed,False,True,2024-05-22T00:56:37
46,Shannon Kim,elove@example.net,South Georgia and the South Sandwich Islands,google,http://munoz.org/wp-content/search/faq.html,business,enterprise,other,b1e7d0a6-b5ae-4074-a03f-a75a7e79ae92,False,True,2024-05-22T01:00:20
47,Valerie Reid,xwhite@example.com,Indonesia,other,http://anderson-griffith.net/home.php,personal,enterprise,credit_card,537511b8-499a-4bea-9f3b-67298eb343f7,False,False,2024-05-22T01:55:51
48,Samuel Crawford,bobbyjackson@example.net,Sao Tome and Principe,other,http://www.cunningham.org/,business,trial,check,a07d49c7-c2fa-4137-948a-36378fd9bf28,False,True,2024-05-22T02:07:34
49,Cesar Patton,kevinbender@example.com,Seychelles,twitter,http://www.rich-burke.info/,other,trial,check,16e99247-0099-403b-a67a-c8c79cdb9b73,True,True,2024-05-22T02:26:43
50,John Phillips,romerovictoria@example.net,Cyprus,twitter,https://carpenter.biz/category/home/,business,free,paypal,d872ef4d-35fd-4290-947d-6a516d8e1abb,True,True,2024-05-22T03:44:56
51,Gabriel Collins,jesusrobinson@example.org,Madagascar,twitter,http://www.ellis.com/tag/main/tags/homepage.asp,business,enterprise,check,a2b90d8d-6ac0-43cb-80c9-390e6fe57ff8,False,True,2024-05-22T04:34:37
52,Jessica Hammond,mcdanieljustin@example.com,American Samoa,other,https://www.martinez.com/register/,personal,free,paypal,94af6f62-ccab-4b77-9d40-fbe999da7170,True,False,2024-05-22T04:50:09
53,Katherine Castro,hmontgomery@example.net,Burundi,facebook,http://sanchez-park.biz/wp-content/categories/about.php,education,premium,check,bd67b1b8-f6d2-48ba-b4ed-2953cea4c066,True,True,2024-05-22T04:54:55
54,Richard Sanders,jenniferbradley@example.net,Uganda,twitter,http://jones.com/,other,free,other,85b2698e-ab56-4b99-a510-f2a7efce6eb7,False,False,2024-05-22T05:52:30
55,Traci Martin,hayskevin@example.com,British Indian Ocean Territory (Chagos Archipelago),facebook,http://www.rivera.biz/index.html,other,enterprise,other,20a7d4ff-ec3f-40c7-91d3-1e6e02f6a0f4,True,True,2024-05-22T07:48:57
56,Samuel Taylor,matthewsmith@example.com,Ecuador,google,https://www.smith-glenn.com/,personal,trial,other,d7d1f374-5fbb-4a2d-b595-27887933e7e9,True,True,2024-05-22T08:18:57
57,John Long,otaylor@example.org,Cambodia,other,http://gentry-roberson.com/,personal,free,credit_card,a5ca4330-aad4-4b3f-816a-f5f25cea33bf,True,True,2024-05-22T08:54:53
58,Yvette Doyle,rwatson@example.com,Sao Tome and Principe,other,https://phillips.com/explore/main/,business,enterprise,paypal,c4c50a4c-9f11-4224-9827-d8cfe4767952,True,False,2024-05-22T09:48:44
59,Douglas Chan,bstephens@example.com,Portugal,google,https://flores.com/list/app/search/post.jsp,other,free,other,122181bf-47c4-42c5-a05a-006040b37057,True,True,2024-05-22T09:56:49
60,Anthony Horne,ghamilton@example.net,French Southern Territories,google,https://www.grant.com/tag/faq.html,personal,trial,check,a6390d15-83f5-4caf-b9b9-4fdefadbfb65,True,True,2024-05-22T10:02:26
61,Melissa Christian,kbutler@example.net,Pakistan,facebook,http://www.williams.com/,personal,enterprise,credit_card,cc6756c7-8a23-4d72-9cbe-c86b5ffb2c01,True,True,2024-05-22T11:04:13
62,Marcus Miller,robert44@example.org,Portugal,twitter,https://www.fuller.com/explore/post/,personal,trial,paypal,e0b7969c-87fe-475d-a049-228947d294aa,True,False,2024-05-22T12:30:16
63,Daniel Stewart,uhunter@example.net,Greece,facebook,https://www.ho.biz/author.asp,education,free,paypal,6a4ff778-f05e-485b-9527-2eef9662e756,False,False,2024-05-22T13:00:21
64,Adam Sanders,egarza@example.org,Nicaragua,twitter,https://www.weber.net/about.htm,business,trial,check,82632812-d1f9-4b3e-bc86-76be42f8181e,True,True,2024-05-22T13:45:31
65,Jenna Lyons,hilldaniel@example.net,Tunisia,other,https://eaton.net/post.jsp,other,trial,credit_card,dae18f87-e60f-40e3-b53c-77f61f9624c7,True,False,2024-05-22T14:19:25
66,Melanie Mcneil,cfischer@example.com,North Macedonia,facebook,http://gibson-pena.info/,business,premium,paypal,d86d63f9-b056-4879-9310-0623390aded6,False,False,2024-05-22T16:14:42
67,Troy Ramos,kpeterson@example.com,Burundi,other,https://jones.com/main/main/category/,business,enterprise,other,c040eb1e-2d91-4299-8cb1-4463d24a26bd,False,False,2024-05-22T16:33:50
68,Lori Turner,christopher19@example.net,Korea,other,https://torres.info/posts/category/register.php,personal,trial,credit_card,437e8fe6-c0fa-4aaa-870f-3adf2309822c,False,True,2024-05-20T17:39:24
69,Brittney Lawson,hornbrittany@example.org,Cayman Islands,facebook,https://www.duran.biz/tag/list/login.html,other,enterprise,check,f59f2ea9-ea2b-4213-a8b2-9a2a90acff44,True,True,2024-05-20T17:53:44
70,Brian Conrad,karenhunter@example.com,Antarctica (the territory South of 60 deg S),google,https://mathews.org/faq.html,business,free,check,e4d9f2d0-6575-4e55-a7b2-5c90be268c10,True,True,2024-05-20T18:03:31
71,Mario Williams,blankenshipmolly@example.org,Liechtenstein,other,https://www.palmer.org/categories/wp-content/register/,other,trial,other,6240c4eb-1332-4e0f-a4fb-4656580487e9,False,True,2024-05-20T18:16:32
72,Karen Ho,elliotteric@example.net,Solomon Islands,google,https://hunt.info/post/,other,enterprise,paypal,99bdcdf7-4acb-45a5-92fd-6b7450b80e06,True,True,2024-05-20T18:34:46
73,Bailey Henderson,kristen53@example.net,Puerto Rico,twitter,https://french.com/categories/list/homepage.php,personal,free,check,806d9b03-c00b-45fc-a505-6f6b8b110f62,False,True,2024-05-20T19:18:36
74,Bridget Hess,sshaffer@example.com,Qatar,facebook,http://www.shaw.com/tags/post/,other,free,check,36a6de6c-d235-4b67-91e2-f32e285c7e1d,False,True,2024-05-20T19:58:52
75,William Frederick,theresalarson@example.net,Bosnia and Herzegovina,facebook,http://wilson-farmer.biz/posts/main.asp,other,free,paypal,774e9e21-3b25-4fbc-9566-d0cb07051994,False,False,2024-05-20T20:25:38
76,George Hanson,jason49@example.net,Dominican Republic,other,http://www.estes.com/search/,personal,trial,credit_card,579214cf-7a33-46e4-8780-5f58357fd1a7,True,False,2024-05-20T21:14:51
77,Danielle Edwards,davidmacias@example.net,Guyana,facebook,https://smith.com/,personal,premium,other,be718fe2-c41e-477e-bc39-1711a7a3cb45,True,False,2024-05-20T21:15:06
78,Daniel Dixon,steven35@example.net,Mauritania,twitter,http://fletcher.com/,business,premium,credit_card,5840fcf6-eda2-49fc-8c01-36261ada6bad,True,True,2024-05-20T22:23:59
79,Tyler Morgan,braunalicia@example.net,Central African Republic,twitter,https://www.nguyen-cunningham.com/homepage/,education,premium,paypal,8fcc6ac5-1eef-4e4f-bd71-5190139f3a5d,False,False,2024-05-20T23:02:17
80,Anna Fuentes,jasmineanderson@example.com,Mauritius,facebook,http://www.white-michael.org/,other,free,credit_card,4306e3b1-38d4-4484-b539-22a516aa99db,False,False,2024-05-20T23:19:12
81,Heidi Gonzalez,karamiller@example.com,Netherlands,google,https://pratt-hill.com/,other,trial,other,5b55b330-26ab-4a1d-ad53-d4af37ae4fe6,False,True,2024-05-20T23:31:01
82,Jeremy Murphy,abigailbyrd@example.com,New Zealand,twitter,http://www.ramsey-medina.net/tags/author.html,education,enterprise,paypal,1f5e956d-74b0-4bc0-9959-e913d50a6c42,False,False,2024-05-20T23:48:08
83,Karen Velez,todddavidson@example.org,United States Virgin Islands,other,https://www.vega.info/,business,enterprise,check,b317c312-33ec-4208-bb08-ab48636fee6d,True,True,2024-05-20T23:50:09
84,Jasmine Cardenas,johnny13@example.com,Northern Mariana Islands,facebook,https://www.henderson.com/,business,premium,credit_card,692017b0-d5fb-4dcb-8052-ba2fc7f814a1,False,False,2024-05-21T00:08:08
85,Janice Smith,lkelly@example.net,Grenada,twitter,http://middleton-strickland.com/search.html,education,trial,other,7e4b27df-5897-4730-996b-2f16595415af,True,False,2024-05-21T00:11:22
86,Gregory Diaz,jennifer62@example.com,India,facebook,https://hoffman.biz/terms/,personal,premium,credit_card,6ca7eca7-bf6c-4414-9567-27bf878efa19,True,True,2024-05-21T00:32:59
87,Evan Thomas,kwilliams@example.net,Israel,twitter,https://johnson-brown.com/,other,trial,check,811c09e1-77e4-4ae5-b27e-8f9bd2d8ae6b,True,False,2024-05-21T00:55:48
88,Brandy Baxter,littleanthony@example.net,Chile,twitter,http://www.davenport.info/posts/homepage.htm,personal,premium,paypal,578b067f-dc5e-4058-b719-db65c78fc803,False,True,2024-05-21T01:05:56
89,Joel Cook,kanedevin@example.org,San Marino,other,https://www.melton-white.org/category.htm,personal,enterprise,other,21d53fa6-3ae7-4b9b-84db-36a945e3e2f6,True,False,2024-05-21T01:36:52
90,Heather White,obrown@example.com,Malawi,facebook,https://taylor.com/posts/tag/login.jsp,business,enterprise,check,20210fca-6931-49eb-812d-ebcd8194b2e7,True,False,2024-05-21T01:56:52
91,Tara Taylor,sheliawilliamson@example.com,Jordan,other,https://green-thornton.com/post.html,other,premium,other,3bd34223-63f9-4347-8bdf-f954fab42b4f,True,True,2024-05-21T02:39:13
92,Dr. Julie Mccullough,elizabeth30@example.com,Greenland,twitter,https://chung.com/explore/search/,business,premium,check,f6700704-1933-409b-9a22-7a543c431a06,False,False,2024-05-21T03:14:49
93,Amanda Chandler,clarktina@example.org,Ireland,facebook,https://www.hamilton.info/posts/blog/explore/about/,personal,trial,other,2f94eb9e-9471-401e-883d-02dfc6fc45b2,True,False,2024-05-21T03:59:03
94,Richard Mitchell,cummingstimothy@example.com,Tanzania,google,https://newman-williams.biz/,other,trial,paypal,ac4314d1-7815-4168-b8e6-c7bd20fd330b,True,False,2024-05-21T04:30:41
95,Joshua Moran,diane21@example.com,Oman,twitter,http://kim.com/post/,education,free,check,499a8bc5-4bd3-4158-91dc-4df6c14bfef5,False,True,2024-05-21T04:41:56
96,Jamie Ayala,wrightnancy@example.com,Panama,google,http://parker-murphy.com/index.jsp,business,trial,paypal,322688da-1b3f-4f6b-9303-70a10ca5d2ed,False,False,2024-05-21T04:47:13
97,Matthew Lewis,qadams@example.org,Micronesia,twitter,https://www.marsh-willis.com/tags/tags/categories/main/,education,enterprise,other,90ccc3cc-3619-4b10-9bd4-b7b91d7aed92,True,True,2024-05-21T04:59:51
98,Rhonda Sexton,sheila34@example.net,Fiji,facebook,https://www.anderson.org/categories/category/explore/terms.php,education,trial,check,a6eed0cd-9cbf-4274-992d-fe56ba5380a8,True,True,2024-05-21T05:11:38
99,Ann Rivera,eyoung@example.net,North Macedonia,google,http://campbell.org/post/,business,free,paypal,1e21eb5a-179a-4f61-902f-a8e9f0917f57,True,True,2024-05-21T05:39:32
100,Rebecca Donovan,adamwilson@example.com,San Marino,twitter,https://www.vasquez.biz/main.html,business,enterprise,credit_card,315e2e26-1a84-45a5-8d2e-8922511391e2,True,True,2024-05-21T06:40:51
101,Amy Christian,thomas31@example.com,Senegal,other,https://www.johnson.info/app/search/explore/privacy.html,personal,enterprise,credit_card,5be63796-9530-4852-a731-e31164097b7d,False,True,2024-05-21T06:55:32
102,Ms. Robin Melton,andersonmichael@example.org,Macao,other,http://www.rodriguez.com/index/,education,trial,other,73721a1f-3160-4bba-a5a4-814a107a5cb9,True,False,2024-05-21T07:23:58
103,Andrew Cooper,janderson@example.net,Kazakhstan,twitter,http://gonzalez.info/list/home.php,business,enterprise,paypal,5e4c0da7-0617-4c8d-98bb-98c4955c9fe2,True,True,2024-05-21T07:36:55
104,Lindsey Holloway,tharris@example.com,Poland,twitter,https://www.stevens.com/category/login/,education,premium,credit_card,a3fe8ae1-5442-4b44-abb4-6b7e81e5921f,True,False,2024-05-21T09:11:37
105,Mrs. Katrina Miller,corey56@example.com,Turkmenistan,other,http://fisher.biz/posts/app/explore/faq/,other,enterprise,credit_card,02f64750-42fd-49d4-beed-156e63b66125,False,False,2024-05-21T10:27:23
106,Melissa York,jerrywagner@example.net,Denmark,other,http://mitchell.com/,personal,free,check,48476253-f0ed-4028-9b57-84d91ad858d5,True,True,2024-05-21T10:37:10
107,Gary Mercado,murillojesse@example.com,Estonia,facebook,http://warner.com/search.htm,personal,trial,paypal,5ee52281-7a46-46c5-be83-c194476ad598,False,True,2024-05-21T11:20:30
108,Henry Reese,margaret26@example.org,Bulgaria,other,http://gonzalez.info/category/,education,premium,check,b61980de-6111-4e75-aa8b-cc4508a575ad,True,False,2024-05-21T11:22:32
109,Ruben Johnson,bryan41@example.org,Maldives,twitter,https://franco-evans.info/blog/wp-content/posts/about/,personal,free,other,c05a526c-eda0-4edb-a5dd-afd801e4187f,False,True,2024-05-21T11:39:50
110,Danny Sawyer,awarren@example.net,Denmark,google,http://olsen.net/blog/app/tag/home/,personal,premium,other,43b8d0ab-4cc0-4b8a-ab66-4d7291b32409,False,True,2024-05-21T12:50:25
111,Maria Ramirez,josephcooper@example.net,Uruguay,facebook,https://hayes.org/,other,enterprise,credit_card,f947d036-c204-4499-be62-66f99d36bad5,True,True,2024-05-21T13:08:49
112,Nicole Rubio,moorecarolyn@example.org,Holy See (Vatican City State),facebook,http://www.johnston-hamilton.com/,other,free,credit_card,4ab40361-9385-4742-8cba-d8f9ed314a25,True,False,2024-05-21T13:23:20
113,Ashley Cruz DDS,qlee@example.com,Belize,twitter,https://shannon-acosta.com/app/tags/author.html,other,enterprise,check,056ed83a-e236-4107-84d0-c384fe044feb,False,False,2024-05-21T15:50:13
114,Tina Monroe,philipcaldwell@example.net,Korea,facebook,https://williams.org/,education,premium,credit_card,1704ceb7-6982-4abf-ade6-d5a25275ad5c,True,True,2024-05-21T16:05:58
115,Jason Mccoy,tberger@example.net,Bosnia and Herzegovina,twitter,http://www.vance.com/categories/search.php,other,enterprise,paypal,9a6e30e8-8b83-4455-af3a-0daab94346d7,True,True,2024-05-21T16:14:40
116,Holly Ellis,benjamin88@example.net,Guinea,twitter,https://www.sutton.net/,other,trial,credit_card,a543313a-ffb5-4870-bd70-194bedb7423d,True,False,2024-05-19T17:23:48
117,Shannon Mccormick,tmartinez@example.com,Mozambique,other,https://norris.com/about/,personal,enterprise,other,6d09e778-a34b-458d-86a1-0109482c083e,True,True,2024-05-19T18:22:54
118,Heather Stevens,mstone@example.org,Lesotho,twitter,https://www.simon-lopez.org/search/search/about.html,personal,free,credit_card,f8726771-4695-4c4a-9be3-462b1c14cf85,True,True,2024-05-19T18:35:45
119,Kyle Daniels,paul55@example.org,Cocos (Keeling) Islands,other,http://www.romero.com/tag/tag/search/,personal,premium,credit_card,a012dd3a-8038-4b74-91a9-25b3d9c38e25,True,False,2024-05-19T18:50:15
120,Michael Lewis DDS,joseph15@example.com,Estonia,facebook,https://bowman-flores.com/author/,education,trial,credit_card,d1ced99b-5538-4482-9901-3381e2b09381,False,True,2024-05-19T18:58:18
121,Mrs. Tara Williamson,xrodriguez@example.net,Antigua and Barbuda,twitter,https://hughes.com/wp-content/register.html,other,trial,check,16d0aba2-f9d2-465a-9736-b688f06429b1,True,True,2024-05-19T20:03:44
122,Pamela Herrera,williamstaylor@example.net,Lesotho,twitter,https://reid.org/posts/posts/tags/home.php,personal,premium,credit_card,e2258232-49c8-4e88-a7db-1d9d1c0e31fe,False,True,2024-05-19T20:15:23
123,Kevin Harris,ohernandez@example.net,Saint Barthelemy,other,https://www.miller.org/main/search/index/,personal,free,check,581e6975-5fe5-4ec5-8a97-75868def3d3d,False,True,2024-05-19T20:24:30
124,Alejandro Dean,jasonpeters@example.com,Niger,other,https://www.mills.com/wp-content/posts/app/category.htm,education,trial,check,2d2ad4be-dc09-4f0c-b5bb-afc727283621,True,True,2024-05-19T20:32:48
125,Jennifer Walter,matthew06@example.com,British Virgin Islands,google,http://www.crane-landry.com/main/search/,education,trial,paypal,769d741c-8abc-4075-b9d3-88dedbcf3224,False,True,2024-05-19T20:35:19
126,Casey Garcia,jacqueline24@example.net,Germany,google,https://perry-villa.com/categories/categories/tags/index.asp,education,trial,paypal,013c0971-f121-41a7-a79d-d4483f726703,True,False,2024-05-19T20:39:28
127,Gerald Harper,qjames@example.net,Saint Helena,google,https://www.sanchez-sharp.com/search/terms/,personal,enterprise,check,311dd184-4eda-4c68-a8e6-3cfa661aa527,True,True,2024-05-19T22:22:19
128,Natasha Smith,edwardwells@example.org,Russian Federation,google,https://www.henson-mcdonald.com/blog/posts/author/,education,enterprise,paypal,f7961164-a532-4df4-8732-bfc6f197a0ff,False,False,2024-05-19T23:23:34
129,Jamie Smith,keithlarson@example.org,Namibia,google,http://www.hernandez-reed.com/post.asp,other,trial,other,4a2d593f-2faa-464f-82d0-b9b144f6eb70,False,False,2024-05-19T23:29:03
130,Susan Rubio,kristina48@example.com,Botswana,other,https://anderson.com/category/login.html,other,trial,paypal,fb6947aa-219d-4b3e-9387-048403ebe2ed,False,True,2024-05-19T23:37:08
131,Kathy Sanchez,nuneznicole@example.net,Seychelles,other,http://www.bailey.com/category.html,business,trial,other,0e7be2ff-25dc-46a2-8780-8eb42eb962b2,True,False,2024-05-19T23:37:11
132,Jennifer Ramirez,david69@example.com,Austria,google,https://www.carter.com/,education,enterprise,other,882e4a3b-2ea4-49f4-aba7-c5a10e730b5a,True,False,2024-05-20T00:11:09
133,Samuel Walsh,abigail55@example.com,Moldova,twitter,http://www.hays.com/about/,education,trial,paypal,de2c2796-1f64-4a18-be0c-cd912c55b96f,False,True,2024-05-20T00:16:54
134,Michael Oconnor,taylorkevin@example.net,Saint Lucia,other,https://www.maldonado.org/search/privacy/,personal,free,credit_card,c9ba4b0d-214f-4740-a20a-2624b9c26e84,True,False,2024-05-20T00:24:37
135,Kevin Espinoza,rebecca51@example.net,Chile,twitter,http://summers-brooks.info/tag/faq/,business,premium,paypal,203d99a6-6d7b-4b54-b6de-0ee6a862fe08,True,False,2024-05-20T01:44:02
136,Richard Sanchez,linda98@example.com,Tunisia,facebook,http://medina.com/,business,trial,check,bdb2b06f-7050-4d32-a1ef-45c12b54e183,True,True,2024-05-20T02:02:57
137,Michael Schmidt,robertduncan@example.org,Myanmar,other,https://robinson.org/main/search/main/login.html,business,free,other,8514aa9c-1f1a-40d4-a3f3-8120134c3cce,True,False,2024-05-20T02:09:24
138,Dawn Turner,rodney91@example.net,Jamaica,other,http://www.maynard.com/,other,free,paypal,e642d397-ed64-4ceb-8ca9-334f2657620a,True,True,2024-05-20T02:19:06
139,Kevin Joseph,jonathan20@example.net,Grenada,facebook,http://www.arnold.biz/,personal,free,paypal,d75e0f39-1a0d-448e-a149-258aa49ac953,True,True,2024-05-20T02:33:36
140,Nicholas Gonzales,browndwayne@example.com,Germany,google,http://mcconnell-everett.info/,education,free,check,6ae6de2f-4b8a-4581-8abf-97b495501520,False,False,2024-05-20T02:42:51
141,Lauren Patterson,mdixon@example.org,Saint Barthelemy,other,https://www.brooks-clark.biz/faq/,business,trial,paypal,5fdf5fc5-4be0-405c-b397-1a6ac6b61c2b,False,False,2024-05-20T02:49:04
142,Michael Scott,williamssarah@example.net,Namibia,facebook,https://day-clarke.com/author.htm,business,premium,check,3b249e47-5bd8-4006-8b58-2af450662120,False,False,2024-05-20T02:56:42
143,Jonathan Curry,sarahmiller@example.com,Cook Islands,facebook,http://www.bush.net/terms/,personal,free,check,2047d5dd-7167-436a-b7a4-83af2ae06be4,False,True,2024-05-20T03:12:51
144,George Rodriguez,albertandrade@example.com,Qatar,facebook,http://adams.info/posts/explore/privacy/,other,trial,check,26eff33a-7a1c-473f-adbd-44464608877b,False,True,2024-05-20T03:47:56
145,Chris Rich,patriciariley@example.net,Morocco,facebook,http://www.garcia.biz/about.html,education,free,paypal,f6e44ff3-479b-4011-8076-5055cd8cc427,False,False,2024-05-20T03:55:39
146,Kayla Austin,charles67@example.org,Bermuda,twitter,https://skinner.biz/,other,trial,credit_card,2376c166-b36b-4c9b-889b-45a68e8c7a05,True,False,2024-05-20T04:04:47
147,Jeffrey Mcgee,emily40@example.com,Turks and Caicos Islands,twitter,https://www.green.net/login/,business,enterprise,paypal,7a490808-90fb-4568-8dfa-58e7c6392a92,True,False,2024-05-20T04:13:34
148,Robin Pacheco,browndarryl@example.com,Syrian Arab Republic,google,http://atkinson.com/terms/,business,trial,credit_card,cd19fb65-44af-4cde-a47b-4ae4f65917cc,False,True,2024-05-20T05:25:59
149,Alexandra Lee,smoses@example.com,Saint Martin,facebook,http://www.young.info/explore/categories/privacy.html,education,premium,credit_card,45c372a9-ef9a-4c24-b7fe-7c476bb53bce,True,True,2024-05-20T05:43:11
150,Julia Hill,fpeterson@example.net,Tajikistan,facebook,https://brown.com/faq.html,personal,trial,other,88a1cc3b-8c09-4524-8df8-af82ed1dbf7e,True,False,2024-05-20T05:45:48
151,Kim Rivera,jill01@example.net,Estonia,other,http://www.hernandez-marshall.info/,personal,premium,check,56c3aad5-ffc3-4d83-a820-61675df10597,False,False,2024-05-20T07:19:27
152,Nicole Silva,lewisevelyn@example.org,Luxembourg,other,https://johnson.com/about/,business,trial,check,e844e8f5-b29c-42dc-8e9c-8a40d70aa728,True,False,2024-05-20T07:24:07
153,Anthony Booker,ysanchez@example.com,Saint Pierre and Miquelon,google,http://www.jacobs-anderson.biz/tags/categories/blog/homepage/,business,trial,paypal,4af50f36-762d-4da1-893f-dde43510fbd3,True,True,2024-05-20T07:24:09
154,Jessica Brown DDS,thomaslynch@example.org,Singapore,twitter,http://klein.com/,personal,enterprise,paypal,9b3cc914-fe7c-4b4a-8a47-3f5fe6f3ad2f,False,False,2024-05-20T07:28:27
155,Diana Duke,monica17@example.net,South Africa,other,https://hughes-tran.org/privacy/,other,enterprise,other,c2eb4084-f32c-4f84-8d5f-86cdca1bcb75,False,True,2024-05-20T07:28:34
156,Jeremiah Walker,linda60@example.org,Fiji,twitter,https://willis.biz/,business,enterprise,paypal,4f419c07-b824-464e-bc24-dbe6aeb5a8d1,False,False,2024-05-20T08:37:02
157,Ann Rodriguez,abaird@example.net,Mexico,other,https://www.long-miller.com/,education,free,other,b81ed31b-0273-4790-a70e-46b03db01bb2,False,True,2024-05-20T08:48:33
158,Bryan Anderson,rholmes@example.com,Niue,facebook,http://www.smith-simmons.com/,other,free,check,ae31cb86-562e-417f-a088-cdb370725cb1,True,True,2024-05-20T08:50:32
159,Ryan Ferrell,joanneclements@example.net,Anguilla,facebook,http://thornton-marsh.com/category/wp-content/explore/author.php,business,premium,check,2027db9e-278b-49ac-a692-d7f279aa2a27,True,False,2024-05-20T08:55:19
160,Sarah Flowers,gail01@example.net,Chad,google,http://clements.com/faq/,business,trial,credit_card,29b586c1-f51b-49e4-a878-46a925db2396,False,False,2024-05-20T10:15:57
161,April Chapman,eroth@example.com,Myanmar,facebook,http://www.mitchell.com/blog/wp-content/main/,business,free,credit_card,f93747ec-7586-4b08-a51e-811d18b463f5,True,False,2024-05-20T10:37:58
162,Vincent Trujillo,alfredwhitehead@example.com,Saint Pierre and Miquelon,facebook,http://francis-williams.org/home/,personal,trial,credit_card,11e6d615-aab1-467a-875a-db5bdd485e29,True,False,2024-05-20T11:11:29
163,Eric Ramirez,rodriguezralph@example.com,Cayman Islands,twitter,http://freeman.com/app/main/posts/post/,business,trial,credit_card,529b857d-5efe-408b-b473-e05140ab2f6d,False,True,2024-05-20T11:34:53
164,Gabriela Rodriguez,sriggs@example.com,Nepal,twitter,https://arnold-mcdaniel.com/blog/categories/about.html,personal,enterprise,paypal,4aa5906f-310f-4c25-9485-acf78f194a6e,True,False,2024-05-20T12:54:45
165,Nicole Reynolds,michelle30@example.com,Korea,google,http://www.garrison.com/,other,free,credit_card,9847638f-6396-4b19-9290-703711bc3356,False,True,2024-05-20T12:58:22
166,Allen Hancock,xconley@example.org,Andorra,other,http://johnson.com/,personal,trial,check,c01d69c5-2406-4ca7-9849-dbc795b48acc,True,False,2024-05-20T13:00:55
167,Mark Zamora,ygreen@example.org,Thailand,facebook,https://smith.net/search/wp-content/search/terms/,business,premium,other,7e94544a-904e-44d1-8000-122b64c3d5a8,True,True,2024-05-20T13:36:29
168,John Simmons,spencer19@example.org,Saint Martin,facebook,https://www.porter.org/,other,enterprise,other,a366205e-6380-4fb5-9aab-0a880fd4426d,True,False,2024-05-20T13:37:13
169,Dawn Coffey,wking@example.net,Guinea,twitter,https://www.ortiz.biz/posts/category/,personal,trial,other,68179faa-0bf8-4cc4-94c7-d90c270c26ea,True,False,2024-05-20T14:09:54
170,Dr. Terri Delacruz MD,nicole39@example.org,Tuvalu,facebook,http://johnson-mcknight.org/tag/categories/tags/homepage/,personal,trial,check,857efc04-bb29-42cc-b9e8-4b4ceda7ac12,False,True,2024-05-20T14:33:09
171,Shannon Barker,karljohnson@example.org,Switzerland,facebook,https://carpenter-roberts.com/app/tags/search/,education,premium,credit_card,12aa0070-52ad-4f5a-9084-4d2bfdadcf91,True,True,2024-05-20T14:37:09
172,Dustin Scott,josephwagner@example.com,Spain,twitter,https://crawford.com/wp-content/app/main.htm,business,trial,credit_card,e43b88aa-7458-40ad-a774-dc17df732740,False,True,2024-05-20T15:09:21
173,Angela Mueller,vphelps@example.com,Guyana,twitter,https://www.salinas.com/search/category/explore/homepage/,education,trial,check,eaa53cc9-220e-498b-bbf1-546f45e77e19,True,False,2024-05-20T15:22:30
174,Edward Hall,madeline41@example.com,Dominican Republic,other,http://www.mckee.com/main/category/category.jsp,education,premium,paypal,df173be2-164a-4872-a244-e7eb85d5c7ac,True,False,2024-05-20T16:38:22
175,Eric Casey,marymercado@example.net,Congo,other,https://jones.com/terms/,other,trial,other,3fee462b-9d24-4b5b-9ab5-d1e0786d3d2b,True,True,2024-05-18T18:27:01
176,Steven Vargas,ballthomas@example.org,Congo,twitter,http://www.petty.info/,other,enterprise,credit_card,acffde71-d892-49fa-9694-7121d6acad0f,False,True,2024-05-18T18:50:53
177,Lawrence Brown,ymatthews@example.com,Peru,facebook,https://hughes.com/explore/search.html,personal,free,paypal,abbf2381-1cbe-49ac-a6f8-7129021ff270,True,True,2024-05-18T18:56:07
178,Mark Phillips,summerstimothy@example.net,Cambodia,twitter,http://ferguson.net/,personal,premium,credit_card,0f7781d7-4b28-48f1-943b-36b4e16c676b,True,False,2024-05-18T19:13:45
179,Jimmy Taylor,shamilton@example.org,Saint Barthelemy,google,https://www.collins.net/search/,other,free,other,bf4b9a08-73b1-4072-8fb9-4d71d2bc853e,True,False,2024-05-18T19:14:10
180,Gerald Hill,gmays@example.org,Czech Republic,twitter,https://www.tucker.biz/,personal,trial,paypal,db200d51-17c8-43cb-8077-c5dcb1d1934c,True,False,2024-05-18T19:17:42
181,Matthew Young,alexandertrevor@example.org,Bulgaria,google,https://jones.org/main.php,education,premium,paypal,de56eebe-1fc3-4ea8-b785-49592c9433f8,False,False,2024-05-18T19:42:56
182,Wayne Williams,tsmith@example.com,Serbia,twitter,http://stark.net/,business,premium,check,94acaba7-adc4-4481-9eb2-0601f76a9865,True,True,2024-05-18T22:11:51
183,Joshua Golden,jessicaweber@example.net,Bahrain,twitter,http://keith.com/search/register.htm,other,premium,credit_card,cc0f2d29-5d91-4c32-9e75-f6dea1c079fd,False,False,2024-05-18T22:12:48
184,Benjamin Gallegos,deanwalker@example.net,Benin,other,http://coleman.com/author.html,personal,free,paypal,caa12ab4-e934-4a75-a6b7-f1aa094d6e3d,False,False,2024-05-18T22:15:41
185,Patricia Perez,sarahicks@example.com,United States of America,google,http://www.goodman.com/author/,business,free,credit_card,7c2fc350-bc2e-4813-9006-41e09be6a8ab,False,True,2024-05-18T22:15:56
186,Jake Savage,nicolevaughn@example.org,Denmark,other,https://holmes.info/homepage/,business,free,other,5abc9cd8-4183-43aa-9b58-9e0a28dc8b72,True,False,2024-05-18T22:17:31
187,Michelle Lane,bradleyricky@example.com,Maldives,twitter,http://www.cabrera-flores.net/,other,premium,credit_card,93a17c04-33d8-4992-b8b6-db3d9ced0680,False,True,2024-05-18T22:50:52
188,Elizabeth Robertson,cbarnes@example.org,Belize,google,http://www.howell.com/tag/categories/blog/privacy.html,other,free,credit_card,45a16b62-e914-45ff-b43a-ad802eb41abf,False,False,2024-05-18T22:53:56
189,Kelly Fox,mark54@example.org,French Southern Territories,twitter,http://www.hudson-peterson.com/,personal,premium,other,ed5536d9-7305-499a-80fa-94a7a294f3ff,True,False,2024-05-18T23:17:54
190,Matthew Cross,robertzavala@example.net,Namibia,facebook,http://www.acosta.biz/,education,trial,check,2ca92087-db03-4186-b278-f41f6e38b0a5,True,False,2024-05-18T23:30:10
191,Thomas Mcconnell,kingpenny@example.com,Cameroon,twitter,https://www.knight.com/app/tags/posts/about.htm,other,enterprise,check,1cdb0541-3ea4-41e4-874c-8710b35ad409,True,True,2024-05-18T23:36:39
192,Jeanette Simpson,ahernandez@example.org,Honduras,twitter,http://salazar.net/about.htm,personal,premium,check,97d3d454-d41a-42d9-a69a-a67da998a8c6,True,False,2024-05-18T23:38:53
193,Justin Willis,smartinez@example.org,Heard Island and McDonald Islands,facebook,http://www.freeman.com/list/category.html,other,premium,paypal,c87803fb-f2ad-4b2b-8e4d-5b98623cb7e7,True,True,2024-05-19T00:17:05
194,Evelyn Hansen,mjones@example.org,Portugal,twitter,http://rodriguez.com/blog/login/,other,premium,credit_card,ac4f817d-fb88-4a68-b3eb-5e6151c6b16a,False,False,2024-05-19T00:19:52
195,Mary Reid DVM,chelseabrown@example.org,Guam,facebook,http://brown-fischer.com/category/app/category/homepage.html,business,trial,check,9d9d583b-ba8e-42ae-a560-1049ca79dde0,False,True,2024-05-19T00:43:42
196,Don Burns,skinnermatthew@example.org,Northern Mariana Islands,facebook,http://knight.com/homepage.jsp,business,free,other,70bd9230-07e0-4b15-8d93-f3badb828970,True,False,2024-05-19T00:56:04
197,James Garcia,william02@example.net,Tonga,other,https://kerr-johnson.com/,education,enterprise,credit_card,27dba39d-740e-4ed0-98c7-58a3acacf054,False,False,2024-05-19T00:58:33
198,Christina Taylor,wellscalvin@example.com,Kiribati,facebook,https://www.solis.com/,personal,enterprise,check,e9b856f7-8632-454f-9603-02bc233d0c82,True,False,2024-05-19T01:10:12
199,Tyler Chapman,williammorris@example.org,Switzerland,other,http://www.norris.com/blog/app/blog/faq.php,education,free,other,471218ef-fb0d-4829-83a3-1166eeaf61e2,True,True,2024-05-19T01:23:50
200,Brandon Martinez,shelby63@example.org,Afghanistan,google,https://www.meyer-martin.com/terms/,business,free,paypal,58b237d7-e4b2-482b-b40a-023dd2639d75,True,True,2024-05-19T02:18:54
201,Jacqueline Carlson,theresarobbins@example.org,Mongolia,other,https://smith-rogers.com/login.htm,personal,trial,credit_card,7d0263ac-0e24-4bfe-b5b0-7f8fc6e346ce,True,False,2024-05-19T02:20:21
202,Aaron Cabrera,davidmay@example.com,Denmark,other,https://www.brown-lambert.biz/terms/,personal,premium,check,0729ebf7-d704-43bf-ab6a-843459ebe9dd,True,False,2024-05-19T02:50:39
203,Justin Smith,tonyabrewer@example.com,Montenegro,google,https://smith.org/posts/wp-content/homepage/,business,trial,paypal,5f3ffef4-cff7-4c83-acec-a7b89a9a1cbd,False,False,2024-05-19T03:20:55
204,Michelle Franklin,joseph37@example.org,Niger,other,https://www.garcia-harmon.biz/search.jsp,personal,free,credit_card,6f8f4dfc-ac8f-4790-ab3f-6e46b4772f40,True,True,2024-05-19T03:29:41
205,David Hernandez,alyssa20@example.net,Palestinian Territory,twitter,https://smith-burns.org/search/,other,trial,credit_card,18aa9abb-98e2-4082-9c56-9df614e17ca0,True,True,2024-05-19T03:45:59
206,Joe Green,aparsons@example.com,Singapore,other,http://www.macias-haas.com/faq/,business,premium,check,a4682853-dd6f-4457-ad01-58d9a1ae5172,True,False,2024-05-19T03:48:55
207,Tim Nichols,marcus60@example.com,Cape Verde,google,https://hale.info/privacy.htm,business,trial,check,118d76e5-e8c1-4bf0-9ea8-023ace42e48c,False,False,2024-05-19T04:16:07
208,Jeffrey Martinez,jlambert@example.org,Peru,google,http://www.wilson-russell.com/app/explore/about.php,business,trial,other,859ffd45-8689-4051-8751-c5f15133cce1,True,False,2024-05-19T04:21:15
209,Veronica Perry,haroldmason@example.net,Malawi,other,https://www.marquez.biz/home/,other,enterprise,paypal,fedb4381-0870-455d-aa7b-09147650e3f7,False,False,2024-05-19T04:38:16
210,Patrick Carter,stevenjohnson@example.org,Portugal,twitter,https://lawson.com/,business,premium,check,4fbdcc28-8b83-4e45-9676-ffa971a378af,True,True,2024-05-19T04:45:40
211,Kevin Love,duranalexandra@example.net,Nigeria,facebook,http://www.sanchez.info/list/main/faq/,education,premium,other,61161f0d-21ea-4fd3-8f0b-4cb98e6e44ba,False,False,2024-05-19T04:58:19
212,Mike Saunders,codywest@example.com,Lebanon,other,http://www.johnson.net/category/,personal,trial,check,73a01151-f453-4224-8549-fcbd08df4f94,False,False,2024-05-19T05:43:00
213,Kristin Brown,charles45@example.com,Egypt,twitter,http://travis-lowe.info/categories/tags/tag/main/,business,enterprise,paypal,582e30a6-376e-408f-9d75-c58d182d8911,False,False,2024-05-19T05:43:13
214,Catherine Medina,ashley93@example.com,Bahrain,google,https://www.rodriguez-fitzgerald.info/homepage.html,education,free,other,148ab6cd-2d1b-4df7-b423-c80d49340f9a,False,True,2024-05-19T05:54:05
215,Jennifer Johnson,tammy37@example.net,Reunion,other,https://www.turner-morris.com/about/,business,enterprise,paypal,6efc0890-91b1-460e-922b-1aa151f08901,True,True,2024-05-19T06:33:18
216,Steve Walker,paul67@example.com,Lithuania,facebook,http://www.davis-norton.com/privacy.html,personal,premium,credit_card,5f6f5b29-e38e-4726-aa44-70207d970458,False,True,2024-05-19T06:42:04
217,John Coleman,xgibson@example.org,Bulgaria,other,http://www.wilcox-ryan.com/home.asp,business,enterprise,credit_card,07ad3542-aee2-4cc1-b948-d307c610abfc,False,True,2024-05-19T07:11:49
218,Kristen Kaufman,christopher78@example.com,Faroe Islands,facebook,http://www.hernandez.info/main/search/main.htm,education,enterprise,other,4cd9f591-e841-4cf1-a64c-8a6d5514be83,False,False,2024-05-19T07:18:17
219,Austin Brown,sandra38@example.org,Kenya,facebook,https://www.noble.com/posts/category/,other,trial,paypal,0bcbab19-1d8d-462b-b110-a5b4ad2145a8,True,True,2024-05-19T07:51:37
220,Lauren Allen,patricia71@example.org,Wallis and Futuna,twitter,https://franklin-saunders.biz/app/register.php,business,free,paypal,90919183-0328-47e5-ac7e-362ed2f8321a,True,True,2024-05-19T08:21:13
221,Kelsey Conner,kaylashelton@example.org,Greenland,facebook,https://davis-ferguson.net/main/app/tag/faq.html,personal,enterprise,other,900f40f8-d052-414c-b40f-ef3f635780b1,True,True,2024-05-19T08:33:34
222,Mr. Randall Savage Jr.,schmidtdarren@example.net,Russian Federation,facebook,https://brown.com/posts/posts/faq.htm,business,trial,other,c967e510-b2da-4336-b6e3-40e336a4332e,False,False,2024-05-19T08:38:58
223,Deborah Wilkinson,hunter85@example.org,Fiji,facebook,http://www.lee.info/wp-content/terms.php,business,free,paypal,b025c227-46d0-4c69-9e84-2725adf10caf,True,False,2024-05-19T08:46:45
224,Caleb Levy,wrichards@example.org,Vietnam,twitter,https://griffin.net/,personal,free,credit_card,4a847a63-5a12-4ecb-940b-cd72c92ca716,False,True,2024-05-19T09:02:05
225,Matthew Walker,torrescathy@example.org,Svalbard & Jan Mayen Islands,google,http://andersen.net/main/,education,free,other,e02cb7db-5bf7-41e7-87b9-4180d2f5ac08,True,True,2024-05-19T09:03:45
226,Mr. Gerald Green,mmiller@example.com,Jamaica,twitter,http://ramirez.info/explore/blog/index.html,education,premium,other,5705aed3-19fa-4642-b34c-df9a552a31e7,True,True,2024-05-19T09:04:23
227,Joshua Andrews,ncrawford@example.net,Iraq,twitter,https://peterson.org/,personal,premium,paypal,d21e5af3-1d25-421e-a716-f3c0de2caefe,False,True,2024-05-19T09:33:15
228,Aaron Parrish,uvillarreal@example.com,South Africa,google,http://www.blake.com/homepage/,business,free,check,c8dbed2a-dd0b-4419-9efc-1d96ab19a812,True,False,2024-05-19T10:02:01
229,Mary Elliott,kevin22@example.org,Mauritania,google,https://davis.com/main.jsp,education,enterprise,paypal,d5db5d8c-2a80-4444-8735-67dfd038923d,False,False,2024-05-19T10:10:32
230,David Morrow,ashleygarcia@example.net,Philippines,twitter,http://joseph-thomas.info/list/privacy/,business,trial,other,f0f903d9-e7e6-4035-8ce8-703d4395dba0,True,True,2024-05-19T10:40:59
231,Stephanie Duran,walkerdavid@example.org,United Kingdom,twitter,https://www.aguilar.net/,other,free,check,89524615-bbb4-4fb6-b1ca-58b22d9f4d7d,True,True,2024-05-19T10:41:49
232,Kenneth Werner,everettjason@example.org,Uganda,twitter,https://www.davis-herman.com/explore/about/,personal,premium,credit_card,9e23e18b-103d-462b-a34b-228a5787958c,False,True,2024-05-19T10:45:01
233,Manuel Mccarthy,vanessa12@example.com,Moldova,other,http://www.carpenter.com/categories/faq.htm,education,enterprise,check,acec1d9b-3fdb-4e2d-a9e2-ccbb7b9d041e,True,False,2024-05-19T11:16:37
234,Michael Walsh,hollowaydaniel@example.org,Puerto Rico,other,http://garcia.info/index/,education,free,paypal,b947bfe0-71fa-4004-803b-57e2d9efb595,False,True,2024-05-19T11:24:03
235,Jill Allen,donald89@example.org,Indonesia,facebook,https://www.tran-smith.com/login.html,education,enterprise,credit_card,9d01c025-ba9b-4e40-9828-6c4783be7359,False,False,2024-05-19T11:25:30
236,Briana Thomas,sarah16@example.net,Paraguay,google,http://johnson-simpson.com/app/app/app/faq.htm,personal,trial,paypal,8418f769-f829-4a55-bd15-7aa2499841ce,True,False,2024-05-19T11:27:13
237,Keith Bell,rachel14@example.com,Philippines,google,http://www.poole.info/about.htm,education,enterprise,other,d16fc84b-e869-4aa0-9a03-482f53f5bb68,True,False,2024-05-19T11:35:55
238,Valerie Sandoval,josewatts@example.net,Liberia,twitter,https://vasquez-fisher.biz/search.php,education,free,paypal,c64ceffe-cd69-48a4-890b-84bddd6fe807,False,False,2024-05-19T11:44:19
239,Patricia Coleman,calvinwhite@example.org,Turks and Caicos Islands,google,http://www.george.com/,other,trial,paypal,715b2f2a-e20a-4860-88c8-ab0e10dd653c,False,False,2024-05-19T12:19:08
240,Danielle Moore,rileygeorge@example.org,Afghanistan,google,http://www.rush.com/about.php,education,enterprise,paypal,fc877bbd-6a90-4019-89e2-6f831261d749,False,True,2024-05-19T12:32:02
241,Rhonda Alexander,erinwhite@example.org,Syrian Arab Republic,other,https://www.lopez.biz/,business,premium,paypal,fd1630c6-4a15-431a-a233-9ba858c8381b,False,True,2024-05-19T12:42:14
242,Mary Johnson,mark72@example.com,Costa Rica,other,http://wilson.com/about/,business,free,paypal,3db9f142-1d6d-4547-b61c-a1cdfcaa332b,False,False,2024-05-19T12:42:34
243,Victoria Case,jacobarnold@example.net,Congo,other,https://www.perry.com/,personal,premium,check,ef0715f7-3c3d-4fca-8062-ee0b105cf394,False,True,2024-05-19T14:16:58
244,Charlotte Barr,baileyleslie@example.org,Lesotho,google,https://lynch-lyons.com/search/explore/wp-content/faq.htm,other,trial,paypal,d86505dd-6c4b-4e8a-a383-885864725f0b,True,True,2024-05-19T14:22:09
245,Jerry Phillips,johnsonrebecca@example.com,Congo,twitter,https://www.brown-romero.net/list/main/,other,trial,credit_card,ea2ec2af-3724-407e-99e9-6583377436e2,False,False,2024-05-19T14:29:05
246,Brandon Carter,andreespinoza@example.org,Pitcairn Islands,other,http://smith.biz/post/,business,trial,check,0939bd7e-ff2b-49cf-af9e-2e0036d9ffb6,True,True,2024-05-19T14:33:28
247,Scott Henry,anna32@example.net,Venezuela,other,http://www.anderson.com/search/category/blog/post/,education,free,other,0bc72749-5e18-4625-93ac-efabf301951c,True,True,2024-05-19T14:50:16
248,Michael Smith,harrisontraci@example.org,Guyana,other,http://morales-alvarez.com/posts/tags/explore/main/,education,trial,other,8461b732-6e66-4aae-802c-ac0d8207fef7,True,True,2024-05-19T15:17:42
249,Mrs. Jennifer Crawford,elizabeth59@example.net,United Kingdom,other,https://mitchell.org/posts/faq.php,personal,free,check,f1f8a0d5-d2f4-4a6b-8682-8cfa6ea63848,False,True,2024-05-19T15:22:52
250,Christopher Gould,kathy45@example.net,Chile,other,https://www.cox-moore.com/post/,education,enterprise,paypal,82fca44b-7474-4b9d-b99b-df036dbeedc9,True,False,2024-05-19T15:29:08
251,Keith Coleman,ianjohnson@example.org,Northern Mariana Islands,other,http://www.kramer.biz/tag/search/register.html,personal,premium,credit_card,757aa112-ea35-4a73-b474-218b6efcab78,False,False,2024-05-19T15:33:00
252,Jordan Chavez,rmoore@example.com,Chile,google,http://www.collier.com/category.jsp,other,trial,credit_card,1934f03b-aa58-4449-8e63-5aac5a028d59,True,True,2024-05-19T16:08:56
253,Carla Ibarra,gibsontimothy@example.net,Spain,twitter,https://campbell.info/,business,premium,paypal,aa64a5c8-d119-4b7b-a17b-c60f382e1eeb,False,False,2024-05-19T16:39:55
254,John Scott,robert09@example.com,Saint Kitts and Nevis,other,http://hansen-williamson.info/main/post.asp,personal,enterprise,credit_card,598ecbd8-64ea-4115-ac6a-c4b9c7f66252,False,False,2024-05-17T17:04:41
255,Eric Day,yrivers@example.org,Sri Lanka,facebook,http://www.chapman.com/explore/search/list/index.html,personal,trial,check,caadf794-4839-4386-a75a-1a3244e79b5d,False,True,2024-05-17T17:43:12
256,Amy Hart,stephanieleach@example.org,Monaco,google,http://www.brown.com/blog/blog/register/,personal,enterprise,check,8ec4bede-03c7-4792-be43-dfb56bc73b7d,True,True,2024-05-17T17:55:41
257,Michael Fitzpatrick,cjones@example.org,Heard Island and McDonald Islands,twitter,https://jordan.info/index/,other,trial,paypal,afcb45b5-4ba3-4d0b-afc8-eb47e1aa44f1,False,True,2024-05-17T18:12:20
258,Kevin Lopez,shamilton@example.com,Ethiopia,other,https://mcgee.com/,education,premium,check,ed218894-bc90-40a5-ab5b-2712d6517eed,True,True,2024-05-17T18:30:53
259,Devon Cohen,courtney79@example.net,Italy,google,https://www.zuniga.com/wp-content/index.php,other,enterprise,credit_card,167e3d76-8e27-485f-b9cc-ac68a214f3f8,True,False,2024-05-17T21:11:33
260,Laura Miller,david91@example.net,Mongolia,other,http://larson.org/login.php,business,enterprise,credit_card,727ffc13-163a-4df0-9c73-364b897d4022,True,True,2024-05-17T21:39:34
261,Jasmine Diaz DVM,dennis02@example.org,Hong Kong,other,https://www.bishop-walls.com/app/wp-content/categories/category.html,personal,free,other,7ecf2bc7-ff56-44f4-9405-9daf0c7591dd,True,True,2024-05-17T22:53:33
262,Aaron Williams,cgriffin@example.com,Malawi,facebook,http://brown.org/explore/privacy.html,business,free,credit_card,b249f1b2-d28f-4f43-b3c4-e1d49f241d1f,True,False,2024-05-17T22:55:14
263,Timothy Mccullough,sotojason@example.net,Estonia,other,http://walker-roach.com/tag/tags/tag/author.php,education,enterprise,paypal,1402bee8-4605-4870-a02d-5f9752d997ae,False,True,2024-05-17T22:57:06
264,Julie Pratt,jaredanderson@example.com,Seychelles,other,https://www.haney-thomas.biz/terms/,business,trial,credit_card,d6791b9d-7fab-4d5e-b82e-37f38384adf0,True,False,2024-05-17T23:15:00
265,Joseph Walker,jack17@example.com,Montenegro,facebook,http://www.morales.com/,business,enterprise,check,79142d84-7ff5-4dd0-afd4-194f8fdb63e6,True,False,2024-05-17T23:24:39
266,Crystal Harvey,jacob63@example.net,United States Minor Outlying Islands,facebook,http://www.vaughn.com/terms.asp,business,enterprise,other,8d1e2850-b9bf-40e3-9879-1f2e3531d732,False,False,2024-05-17T23:26:17
267,Sydney Burton,whiteerika@example.net,Belgium,other,http://dixon-holmes.com/main/,other,free,other,a1b6c086-6fdb-4061-9318-dc0ce8c80fe1,True,True,2024-05-17T23:56:53
268,Barbara Fischer,wigginsshannon@example.com,Brunei Darussalam,facebook,https://brown-gonzalez.info/tag/category/wp-content/faq.asp,personal,trial,check,2616f112-0824-496d-9a33-908c08f2c2a9,True,True,2024-05-18T00:54:47
269,Nancy Peck,cainjohn@example.com,Isle of Man,facebook,https://scott.net/tags/faq/,business,free,paypal,8f09756e-954a-464d-8614-78c87496cf29,False,False,2024-05-18T01:04:11
270,Gregory Farmer,melindadavis@example.net,Guam,google,http://www.macias.net/wp-content/tags/categories/login.php,business,free,paypal,6844528f-a789-4485-b3e4-11503a12bf29,True,False,2024-05-18T01:22:53
271,Alexandra Smith,gyoung@example.net,Bolivia,google,http://holloway.com/explore/search/blog/faq.htm,other,free,check,7b8f26c3-b3c4-470e-9b70-05494c3d1d7d,False,True,2024-05-18T01:27:34
272,John Davis,justin57@example.org,British Virgin Islands,google,https://walker.info/,business,enterprise,credit_card,a59ddff5-dd63-4961-9329-4ae0b09e507d,False,True,2024-05-18T01:58:11
273,Nicholas Stephens,rfuller@example.net,Grenada,other,https://pitts-smith.info/search/index.htm,personal,free,credit_card,2133d265-d4f5-48a4-a52f-196806c45d6c,False,True,2024-05-18T02:25:00
274,Mario Gray,jessica84@example.com,Tuvalu,facebook,https://dudley-baker.com/posts/terms.html,personal,free,paypal,25f11bbf-09e2-42e1-9cd0-9304777644cb,True,False,2024-05-18T02:39:21
275,Julian Werner,jsingleton@example.org,Timor-Leste,facebook,http://www.hughes-holder.com/blog/list/blog/category/,personal,premium,credit_card,7f135e72-b553-4fde-bcb8-c918d71cbcfc,False,False,2024-05-18T02:59:30
276,Rodney Bryant,margaret20@example.org,Mozambique,facebook,http://www.hughes-lynch.com/terms.html,education,enterprise,credit_card,b607add0-bf7e-4fbe-a751-de04f79b100e,True,True,2024-05-18T03:01:02
277,Paul Mcintosh,reneehughes@example.org,Pitcairn Islands,facebook,https://www.clark-harvey.com/,education,trial,credit_card,0a2cd4ef-9dd2-42c7-87f3-5843f49ed78e,False,True,2024-05-18T03:32:25
278,Louis Coleman,brownsamantha@example.net,Ecuador,other,https://carpenter.com/terms/,other,free,paypal,274d4b66-19b1-4b80-9781-2284d86a085c,False,False,2024-05-18T04:12:00
279,Brian Taylor,josephwatson@example.org,Indonesia,google,https://www.hartman-taylor.com/terms/,personal,enterprise,paypal,13ce3f87-907d-4afa-89e2-8d1694a9361f,False,True,2024-05-18T05:20:34
280,Cynthia Alvarez,rodgerslucas@example.org,Australia,google,http://roy.biz/author.php,other,enterprise,paypal,fe1111f1-55b6-47d8-886e-5fe74c5ba297,True,True,2024-05-18T05:45:03
281,Victor Mcdaniel,petersonlouis@example.com,Slovenia,twitter,https://hoffman-rivas.biz/explore/main/blog/index/,business,free,other,8f142e51-5262-4be1-876c-776dc80c2465,True,False,2024-05-18T07:32:23
282,Stephen Wade,frankmoore@example.com,Montserrat,google,http://jensen.biz/home.html,education,trial,credit_card,e37740d3-710d-49cf-a0d2-1cf69e404370,True,False,2024-05-18T07:34:37
283,Rodney Small,sanchezyolanda@example.net,Saint Pierre and Miquelon,twitter,http://richardson.com/blog/wp-content/author/,other,free,check,5dad2b44-648b-4d29-accd-f6528f4b979e,False,False,2024-05-18T08:45:38
284,Lisa Waters,usparks@example.com,Korea,google,http://mora.com/explore/post/,personal,free,paypal,553ae2f0-d319-40ed-987b-9b504718e19c,True,True,2024-05-18T09:30:07
285,Kevin Duncan,wallacecarlos@example.net,Japan,other,http://www.brown-barton.org/categories/wp-content/home.asp,education,free,paypal,2fe19011-59c9-4bc5-9704-6d0440682588,False,True,2024-05-18T10:01:25
286,Jeanette Garcia,sjenkins@example.net,India,twitter,http://www.newton-schwartz.com/,education,premium,paypal,3154fc72-009a-41b3-abed-c651b30ad9e8,True,True,2024-05-18T11:01:51
287,Frank Benson,lisanavarro@example.net,Saint Lucia,twitter,http://harris.com/main/list/homepage/,education,premium,other,adf6eabf-05de-4245-aad5-8b7a1e75bb43,False,False,2024-05-18T11:08:55
288,Randall Bartlett,eric79@example.org,Senegal,other,http://www.mason-ruiz.com/search/posts/blog/homepage.jsp,other,premium,credit_card,7cf6bff3-3224-4cb8-afb8-31d28aad2da9,True,True,2024-05-18T11:28:15
289,Vanessa Caldwell,sarahrichard@example.com,Uzbekistan,twitter,https://www.jensen.com/categories/wp-content/post.php,other,enterprise,paypal,3472116a-04b3-4b63-93da-d919099c5002,True,True,2024-05-18T11:35:07
290,Carla Smith,zcarlson@example.net,Costa Rica,twitter,https://meyer.org/,other,trial,check,467da6fb-cb8f-4de2-9836-4f529c6892a9,False,True,2024-05-18T11:37:18
291,Donald Moon,youngkyle@example.net,Jersey,facebook,https://www.chapman-nguyen.com/categories/search/about/,personal,enterprise,check,705cecd0-1f02-4403-9d1f-84010a29c168,True,False,2024-05-18T12:04:21
292,Molly Chandler,stoneandrew@example.net,Nicaragua,other,http://www.rodriguez.com/explore/search/categories/index/,business,trial,check,f5c9f110-1efe-4750-9f17-f6cd22341bf7,False,False,2024-05-18T12:04:46
293,John Brewer,moralesfrances@example.net,Guinea,facebook,https://calderon.net/login.htm,business,trial,credit_card,c6b6eb2f-5a82-4679-9fa9-f7b01a051dc9,False,True,2024-05-18T12:23:45
294,Gerald Gutierrez,gmeza@example.org,Anguilla,twitter,http://www.bell.com/explore/homepage.asp,other,premium,credit_card,7a73a965-adcf-4e4a-9bc7-c22787ec1469,False,True,2024-05-18T12:27:14
295,Stephen Lam,cruiz@example.com,Argentina,twitter,http://parrish.org/,other,enterprise,paypal,3e4e08b5-4e26-4481-a500-738862927df5,False,False,2024-05-18T12:49:18
296,Madison Campbell,rachel28@example.net,French Southern Territories,other,http://ross.com/tags/tags/list/login/,personal,free,other,235a6338-565d-4fb7-9718-c469e786af31,True,True,2024-05-18T14:20:16
297,Alvin Gamble,suzanne51@example.net,Syrian Arab Republic,google,https://www.singh.com/tag/app/homepage.asp,business,enterprise,credit_card,e0003d0d-21ca-46c2-b081-2a273f988874,True,False,2024-05-18T15:31:59
298,Sandra Smith,haileyroach@example.org,Hungary,twitter,https://fisher.com/explore/author.htm,business,enterprise,paypal,1fd9b013-9e7d-475b-a07e-8b8bb3677775,False,True,2024-05-18T15:52:39
299,Taylor Garcia,holmesjames@example.net,Tokelau,facebook,https://www.owens.com/category/app/search.htm,other,enterprise,check,b1573ee3-5ce2-4e68-aeca-26dd6a8c81f4,False,False,2024-05-18T16:41:10
300,Kenneth Wu,emily53@example.com,Cuba,other,http://king.org/,personal,trial,paypal,48ba8149-639c-4c56-866d-58c31993013b,False,True,2024-05-18T16:53:35
301,Denise Gibbs,cedwards@example.org,Nigeria,facebook,https://barrera.com/index.jsp,business,premium,other,fad550ab-5b85-41c0-8c6d-aef76f077fe7,True,False,2024-05-16T17:07:50
302,Megan Martin,apearson@example.org,Tokelau,facebook,https://sims.com/home/,business,free,paypal,ffdbee54-75cb-44ac-84d3-e345b03dbbe1,False,True,2024-05-16T17:14:26
303,Jessica Moore,ihernandez@example.net,Sweden,twitter,http://molina.com/categories/category/login/,personal,free,check,66d95d0e-89f8-4c51-a7a5-c420f2df612f,True,True,2024-05-16T17:19:10
304,Amanda Bennett,stephanie94@example.net,Gibraltar,facebook,https://cruz-howard.biz/category/homepage.asp,personal,trial,credit_card,ca03e244-02c8-4e62-8336-48380a7b9bd2,False,True,2024-05-16T17:56:06
305,Melissa Garcia,austinyang@example.org,Netherlands,google,https://ferguson.com/login.php,business,premium,credit_card,ec450c1b-a07c-48b6-8565-8f67ce50655c,True,True,2024-05-16T18:50:14
306,Jessica Hughes,novakmichael@example.org,Falkland Islands (Malvinas),facebook,https://nelson-jordan.com/register.asp,business,trial,paypal,538581c8-f0b4-49ca-b486-15d6a4ccfbf0,True,True,2024-05-16T19:01:14
307,Jonathan Williams,susanbarrett@example.com,Slovenia,google,https://bush.org/search/,business,trial,check,79b5b3f4-7343-42a5-844a-3ae67e117bcf,False,False,2024-05-16T19:13:53
308,Pamela Huber,joe51@example.com,Lesotho,twitter,http://singleton-guerrero.com/privacy/,other,premium,credit_card,f5d96282-b900-402b-9cb3-5d033296dc69,False,False,2024-05-16T19:18:40
309,Richard Baldwin,nrodriguez@example.net,Ukraine,facebook,http://simpson.biz/list/register.asp,business,free,check,e5741511-6695-40aa-b212-3089839bc2c6,True,True,2024-05-16T19:23:57
310,Robert Campbell,xhull@example.com,Korea,google,http://randolph-osborn.com/category.asp,business,enterprise,paypal,77aa3f15-68fd-4780-b4c3-6134e46af493,False,True,2024-05-16T19:57:30
311,Nichole Silva,timothytucker@example.org,Cuba,google,http://sanchez.com/home/,personal,enterprise,paypal,b9daab3e-eae4-4c0f-bb34-2be3bb29417b,False,False,2024-05-16T20:13:12
312,Shaun Kim,marynguyen@example.org,Saint Martin,other,https://evans.com/search/categories/about/,other,trial,check,c8c110fb-cc7b-4af9-97e2-740361042abd,False,True,2024-05-16T20:53:57
313,Paul Ruiz,ajohnson@example.net,Taiwan,google,http://edwards.com/main/post/,other,trial,check,ef4519ae-e477-44bf-8ed5-518feaff65b3,False,False,2024-05-16T21:01:20
314,Alison Bailey,mhopkins@example.org,Wallis and Futuna,twitter,https://harris.com/tag/main.asp,personal,premium,paypal,5a619a11-ed84-4464-b544-295709a06327,False,False,2024-05-16T21:17:45
315,Nicolas Brown,xsalazar@example.org,Korea,other,https://www.ray.com/homepage.php,education,enterprise,other,9ae880e6-7bb6-4cd7-a6f9-a4b2ea979dcc,True,False,2024-05-16T21:27:55
316,Andre Parsons,ugross@example.com,Dominican Republic,other,http://booth-gomez.info/homepage.jsp,business,premium,check,aae0c49c-4ec6-45e1-b41f-233cc373baf7,False,True,2024-05-16T21:51:50
317,Christopher Robinson,mendozabrandy@example.com,Saint Martin,facebook,http://www.jones-park.biz/index.htm,personal,premium,other,261334e4-2739-402d-8990-25f288f7a838,True,False,2024-05-16T22:05:49
318,Angela Reed,billymurphy@example.net,Cook Islands,other,https://gillespie.org/posts/list/faq.asp,education,enterprise,other,f013c5f3-f5df-4df9-8b3e-bb90562b867d,True,False,2024-05-16T22:07:29
319,Angelica Jackson,boyerwilliam@example.net,Jersey,facebook,https://williams-arroyo.com/category/search/search.jsp,education,premium,paypal,b561e020-1f45-4221-b667-51831be026b3,False,False,2024-05-16T22:32:02
320,Susan Smith,corey39@example.org,Bosnia and Herzegovina,google,https://www.macias-cohen.com/posts/app/category/privacy.php,business,free,other,74ad3e47-fc40-4a9e-9fab-6821001a0641,False,False,2024-05-16T22:32:55
321,Brandon Davis,mhunt@example.com,Luxembourg,google,https://www.thompson.com/blog/search/tag/home/,education,free,check,c881bc3e-887d-4e0a-806d-d7c2c85f1f24,True,False,2024-05-16T22:38:38
322,Madison Johnson,andersonjimmy@example.net,Kenya,twitter,https://brewer-ford.org/register/,personal,free,paypal,ca7a70cf-6ec9-4335-82df-3f0fc976dec2,True,False,2024-05-16T23:26:41
323,Shirley Andrews,wmartinez@example.org,Afghanistan,other,https://byrd.com/author/,personal,free,check,10142704-fee6-4662-b93e-a946ab26e51a,True,False,2024-05-16T23:39:30
324,Marcus Lee,williamsashley@example.net,Palestinian Territory,other,https://holt-day.com/,personal,enterprise,paypal,5f6d54de-bdc9-4091-afd7-c3d1dca84b08,True,True,2024-05-17T00:28:48
325,Megan Dixon,leejoshua@example.org,Panama,facebook,http://www.meyer-gonzalez.biz/,personal,free,credit_card,205b0983-9bd2-4355-9a6e-cdf75191e5d7,False,True,2024-05-17T00:36:15
326,Sean Clark,john04@example.com,Sri Lanka,google,http://www.knight-miller.com/,other,premium,credit_card,940dede7-fe84-4e23-b3f2-6ceea52deceb,True,False,2024-05-17T00:40:32
327,Beth Horton,jyork@example.org,Gibraltar,google,https://www.ryan.com/main/tag/main.jsp,other,enterprise,paypal,293848f3-4f66-47f1-95ab-250b4f0466fc,True,True,2024-05-17T00:49:15
328,Ronald Gutierrez,santanarebecca@example.net,Greece,other,https://peck.com/main/search.html,personal,free,credit_card,a0ef9dfd-a7fd-43d9-b67a-70c916c9fc0e,True,True,2024-05-17T01:04:00
329,Mary Rowland,daniel68@example.com,Norway,google,http://johnson-bruce.com/post/,personal,trial,paypal,8dda82c3-6417-4e6a-bc6f-3a2607def759,False,True,2024-05-17T01:44:48
330,Jodi Thomas,williamscarrie@example.com,Iraq,google,https://www.mccarthy.biz/,education,trial,paypal,a75fefe4-73d7-4a90-acd4-8dfe6b6f0dea,False,True,2024-05-17T01:57:24
331,Shane Newton,williamsmichael@example.net,Guyana,facebook,https://hull.org/main.php,business,free,other,5569d4de-9150-4fa6-94a8-785bb5e2b7b8,True,False,2024-05-17T01:58:40
332,Charlene Garrison,solomonashley@example.com,Uganda,other,http://sharp-yoder.com/,other,premium,credit_card,d597e85d-c9f8-4914-9705-941431665384,False,False,2024-05-17T02:00:26
333,Michael Green,jasonsimmons@example.org,Belize,other,http://www.cooper-page.info/register/,education,trial,credit_card,f94c67fb-baef-43b8-8c40-7428e135d473,False,True,2024-05-17T02:18:11
334,Thomas Perry,lucas24@example.net,Papua New Guinea,facebook,http://casey-smith.com/post/,business,premium,paypal,e2265ce5-f7fa-4ddd-8457-a2c6e3bf109a,True,False,2024-05-17T02:28:07
335,Charles Ellis,trevortorres@example.com,Belize,other,http://www.hernandez.biz/search/register/,education,trial,other,e9ab8475-40d6-4add-8263-dd08c0f740ec,True,True,2024-05-17T02:29:17
336,Stephanie Bryant,vjackson@example.net,Palau,google,https://adams.net/,business,enterprise,credit_card,75378c76-c764-49c9-a33c-f773264462b0,True,False,2024-05-17T02:51:28
337,Taylor Mendez,moranjackson@example.net,Ghana,twitter,https://www.bailey.com/blog/privacy.jsp,education,free,check,066bbeef-7a7d-41be-ae74-05fbcf6df998,False,False,2024-05-17T04:01:56
338,Brett Freeman,dbarton@example.net,Hong Kong,twitter,https://www.coleman.biz/about.asp,personal,premium,other,2ee8268a-2ac9-4344-96a4-e7d6ba1d84b7,True,True,2024-05-17T04:14:10
339,Anthony Moore,bjohnson@example.com,Kenya,other,http://www.stephens.com/faq/,personal,premium,check,64ebb159-52fe-4aeb-a54d-9e64e3eb821b,False,True,2024-05-17T04:19:31
340,Joseph Lewis,karen69@example.com,Solomon Islands,facebook,https://www.collins.info/category/main/about.php,business,free,check,1215d753-fd43-44f9-a210-0173e9b58530,False,True,2024-05-17T04:24:54
341,Daniel Clark,maria75@example.org,Kazakhstan,google,https://www.martin.info/tags/category/wp-content/search/,personal,free,paypal,440579e0-1b97-43c4-8cb3-468408bd4a62,True,True,2024-05-17T04:27:30
342,Grace Johnson,tina29@example.net,Anguilla,google,http://www.graham.com/,other,trial,check,a962cb6b-8dd1-4a0a-a284-d92000b186f8,True,False,2024-05-17T05:01:17
343,Logan Warren,kimmeghan@example.net,Greenland,google,http://www.carroll-ross.org/search/,education,enterprise,other,a2e330df-2b3d-4299-a4ec-1817c470c851,False,True,2024-05-17T05:09:19
344,Jeffrey Scott,lindsayorr@example.com,New Caledonia,twitter,http://dixon-pham.info/posts/explore/about/,education,trial,check,84f745f4-7fbc-47d5-926d-c6ad0f58200c,True,False,2024-05-17T05:22:29
345,Patrick Cook,reeseeric@example.net,Ghana,facebook,https://palmer.com/category/tags/register/,personal,trial,paypal,568e2dbd-0680-4443-a582-aa6511bbc268,False,True,2024-05-17T05:55:28
346,Jody White,quinngary@example.com,Czech Republic,google,https://martin-norton.com/blog/register/,personal,premium,credit_card,b107a90d-2675-4527-8901-e231789c2df6,True,False,2024-05-17T05:56:46
347,Alicia Bishop,tkirk@example.net,Nigeria,facebook,http://www.ward-bernard.com/category/search.asp,other,free,check,ccf0a4c1-3d3b-4c30-9323-0fbdf950f558,False,True,2024-05-17T06:32:42
348,Larry Page,washingtonlinda@example.org,Mayotte,facebook,https://www.gonzales-haynes.org/faq.php,education,free,other,e1ee685c-15d4-4f1f-86e7-3ffc964a5771,False,True,2024-05-17T06:34:59
349,Catherine Murray,mary44@example.net,Jersey,twitter,https://todd.com/main/search/author/,other,free,other,5e248286-0df1-4ec3-ae5d-31f164a67a27,False,False,2024-05-17T06:41:53
350,Melissa Washington,gpeterson@example.com,Oman,facebook,https://patel.com/main/index/,personal,trial,check,db9fcbfd-a487-48b2-bacb-b14f9c385f6b,False,True,2024-05-17T06:44:06
351,Heather Jordan,leslie06@example.com,Nauru,facebook,https://love-harrington.com/category/,personal,trial,check,2782537d-81c5-4a32-bbf3-80d0efe79bdb,True,True,2024-05-17T06:51:30
352,Michelle Holt,ndiaz@example.org,Guam,google,http://harris.com/about/,other,premium,other,2c7dec51-1e51-447f-aebd-9e589a80ea9a,False,True,2024-05-17T06:52:36
353,Paula Mcclain,waltonmary@example.com,Bangladesh,facebook,http://gregory-gray.biz/main/main/search/,other,free,paypal,bcd4b227-7da8-4739-b8b7-27e904a79e15,False,False,2024-05-17T07:05:32
354,Donald Davidson,griffinnancy@example.org,Saint Barthelemy,twitter,http://rice-freeman.biz/categories/login/,business,enterprise,paypal,6c6ec302-11cc-485d-a870-d0c41100f34d,False,True,2024-05-17T07:08:28
355,Adam Ramirez,crystalwilliams@example.net,Cameroon,facebook,http://cruz-ramirez.biz/home/,business,enterprise,check,f9f1f8bf-9aac-493f-9349-018ecd1214a2,True,False,2024-05-17T07:22:44
356,Heather Petersen,robertskenneth@example.net,Dominica,other,https://smith.com/main/,education,free,credit_card,a8b85ed8-5614-4655-b0f2-0b2b6497b1f2,False,False,2024-05-17T07:39:24
357,Michelle Wilson,robert72@example.com,Mexico,facebook,https://www.johnson-murray.com/post/,personal,enterprise,paypal,25ecfcd1-32d7-457f-bb4b-7b101e77ca90,False,True,2024-05-17T07:40:30
358,Todd Larsen,brittanyjones@example.net,Monaco,other,https://thompson.info/search/,education,free,check,474431b0-0fff-4abe-8323-8867240f5e17,False,False,2024-05-17T07:52:29
359,James Turner,nspencer@example.org,United Arab Emirates,google,https://www.carpenter-wilson.com/tag/index/,education,free,paypal,26f39b9a-be02-45a0-890a-3891c5a43306,False,False,2024-05-17T07:57:22
360,Joseph Townsend,marytate@example.com,Guinea,twitter,http://jones.info/login.php,personal,trial,check,dad8e619-28a7-4a0d-9f46-c18a00497919,True,True,2024-05-17T08:39:09
361,Austin Alexander,arroyodonna@example.com,Madagascar,twitter,http://baker-brown.org/privacy/,other,enterprise,other,587d7f17-4646-4cef-985f-950c17520dfd,True,False,2024-05-17T08:43:32
362,Alicia Meyer,derrick18@example.net,Azerbaijan,facebook,https://thompson.com/,personal,enterprise,check,94385fe3-49ee-456b-87fc-d1a7010e1729,True,True,2024-05-17T09:02:48
363,Nicole Pena,mercedesstanley@example.com,Bermuda,facebook,https://www.sanders.com/home/,business,enterprise,other,ad68f52e-e3a7-4905-a18b-b439853be897,False,False,2024-05-17T09:21:32
364,Crystal Holder,patriciahernandez@example.com,Turks and Caicos Islands,other,http://www.gilmore.net/about/,education,enterprise,check,87f74564-324e-4d01-812f-95fd8892a5a9,True,True,2024-05-17T09:59:39
365,Jessica Hernandez,mreyes@example.com,Moldova,twitter,https://www.andrews-owen.com/wp-content/index/,other,premium,other,e3622068-b718-4ab5-8664-e7a66eb0aaeb,True,False,2024-05-17T11:04:04
366,Sarah Dean,gibsonjacob@example.com,Algeria,google,http://donovan-brown.net/,education,free,other,7604a9e1-841b-4d40-82eb-5205915cfdfe,True,False,2024-05-17T11:22:53
367,Kelsey Austin,danamckinney@example.org,Morocco,twitter,https://ramos-jones.com/explore/app/login.asp,business,trial,paypal,d265b0c3-d65a-474f-9da2-98dfa387bc3e,True,True,2024-05-17T11:35:14
368,Melvin Johnson,sarahrichardson@example.org,Dominica,twitter,http://www.anderson-valdez.info/wp-content/home/,education,trial,other,ebbfe505-7d35-4910-a24e-9ca959a844c1,True,True,2024-05-17T12:23:33
369,Casey Franklin,perezmichael@example.org,Iceland,other,https://www.walker.com/tags/list/tags/index.php,education,trial,credit_card,5c9453b9-8055-42dd-9422-fa3abe1b12e9,True,False,2024-05-17T12:24:52
370,Dawn Todd,brittany02@example.net,Mauritania,other,http://www.harper-oconnor.com/register/,other,free,credit_card,8c15d3da-769a-4e6e-a759-c930347767fb,False,True,2024-05-17T12:45:08
371,Lee Jones,baldwindeanna@example.net,Cote d'Ivoire,other,https://nunez.biz/categories/privacy/,education,trial,other,81544925-beb8-4d53-9a39-61f3cf015a54,True,True,2024-05-17T13:29:51
372,Paul Flores,jryan@example.com,Cote d'Ivoire,twitter,https://www.clark-davis.biz/categories/posts/privacy.htm,education,free,other,84b25ace-4144-483c-ae8c-f00b07f4767c,True,True,2024-05-17T13:31:45
373,Evan Rosario,dwaynedowns@example.com,Thailand,facebook,http://www.ellis-hays.biz/categories/blog/main.php,business,free,check,9fe44c8d-1d9f-43e7-8ec1-3803bf4c55d4,False,True,2024-05-17T14:01:31
374,Donald Diaz,ashleyprice@example.com,Sao Tome and Principe,facebook,http://garrison.com/register/,personal,trial,credit_card,2d533f62-53b2-4082-b66e-25dee2f29d6a,True,True,2024-05-17T14:26:20
375,Daniel Ballard,william40@example.com,Sierra Leone,google,https://farmer.com/index/,personal,trial,check,6963db5b-fe69-49ea-9d70-56d88f060018,False,True,2024-05-17T14:37:00
376,Randy Contreras,ddoyle@example.net,Netherlands,twitter,https://www.wilcox.com/explore/category.html,personal,trial,credit_card,d328b083-07e2-44f6-917b-e30381463722,False,False,2024-05-17T14:49:55
377,Lori Harris,woodkristen@example.com,Turkmenistan,google,https://rhodes.com/,education,free,credit_card,fe587cdf-d38c-487a-866e-7dcefb89de0b,True,True,2024-05-17T15:38:22
